{
  "condition": "random_teacher",
  "episodes": 2,
  "seed": 123,
  "total_time": 1.7133934497833252,
  "episode_scores": [
    1800,
    2900
  ],
  "mean_score": 2350.0,
  "learning_success_rate": 1.0,
  "config_hash": "1b07132c",
  "timestamp": 1758866143.8303175
}