{
  "condition": "rule_teacher",
  "episodes": 2,
  "seed": 456,
  "total_time": 2.0228519439697266,
  "episode_scores": [
    3000,
    3000
  ],
  "mean_score": 3000.0,
  "learning_success_rate": 1.0,
  "config_hash": "9a98549f",
  "timestamp": 1758866140.0055447
}