{
  "condition": "random_teacher",
  "episodes": 2,
  "seed": 42,
  "total_time": 2.104203939437866,
  "episode_scores": [
    1000,
    2300
  ],
  "mean_score": 1650.0,
  "learning_success_rate": 1.0,
  "config_hash": "7205abe8",
  "timestamp": 1758866142.1137378
}